<?xml version="1.0" encoding="UTF-8"?>
<!DOCTYPE mapper PUBLIC "-//mybatis.org//DTD Mapper 3.0//EN" "http://mybatis.org/dtd/mybatis-3-mapper.dtd">
<mapper namespace="com.study.tuition.mapper.ChargeItemMapper">
  <resultMap id="BaseResultMap" type="com.study.tuition.domain.ChargeItem">
    <!--
      WARNING - @mbggenerated
      This element is automatically generated by MyBatis Generator, do not modify.
    -->
    <constructor>
      <idArg column="id" javaType="java.lang.Long" jdbcType="BIGINT" />
      <arg column="name" javaType="java.lang.String" jdbcType="VARCHAR" />
      <arg column="school_year" javaType="java.lang.Integer" jdbcType="INTEGER" />
      <arg column="student_category" javaType="java.lang.String" jdbcType="VARCHAR" />
      <arg column="major_id" javaType="java.lang.Long" jdbcType="BIGINT" />
      <arg column="enrollment_year" javaType="java.lang.Integer" jdbcType="INTEGER" />
      <arg column="money" javaType="java.lang.Integer" jdbcType="INTEGER" />
      <arg column="create_time" javaType="java.util.Date" jdbcType="TIMESTAMP" />
      <arg column="modify_time" javaType="java.util.Date" jdbcType="TIMESTAMP" />
    </constructor>
  </resultMap>
  <sql id="Example_Where_Clause">
    <!--
      WARNING - @mbggenerated
      This element is automatically generated by MyBatis Generator, do not modify.
    -->
    <where>
      <foreach collection="oredCriteria" item="criteria" separator="or">
        <if test="criteria.valid">
          <trim prefix="(" prefixOverrides="and" suffix=")">
            <foreach collection="criteria.criteria" item="criterion">
              <choose>
                <when test="criterion.noValue">
                  and ${criterion.condition}
                </when>
                <when test="criterion.singleValue">
                  and ${criterion.condition} #{criterion.value}
                </when>
                <when test="criterion.betweenValue">
                  and ${criterion.condition} #{criterion.value} and #{criterion.secondValue}
                </when>
                <when test="criterion.listValue">
                  and ${criterion.condition}
                  <foreach close=")" collection="criterion.value" item="listItem" open="(" separator=",">
                    #{listItem}
                  </foreach>
                </when>
              </choose>
            </foreach>
          </trim>
        </if>
      </foreach>
    </where>
  </sql>
  <sql id="Base_Column_List">
    <!--
      WARNING - @mbggenerated
      This element is automatically generated by MyBatis Generator, do not modify.
    -->
    id, name, school_year, student_category, major_id, enrollment_year, money, create_time, 
    modify_time
  </sql>
  <select id="selectByExample" parameterType="com.study.tuition.domain.ChargeItemExample" resultMap="BaseResultMap">
    <!--
      WARNING - @mbggenerated
      This element is automatically generated by MyBatis Generator, do not modify.
    -->
    select
    <if test="distinct">
      distinct
    </if>
    <include refid="Base_Column_List" />
    from charge_item
    <if test="_parameter != null">
      <include refid="Example_Where_Clause" />
    </if>
    <if test="orderByClause != null">
      order by ${orderByClause}
    </if>
  </select>
  <select id="selectByPrimaryKey" parameterType="java.lang.Long" resultMap="BaseResultMap">
    <!--
      WARNING - @mbggenerated
      This element is automatically generated by MyBatis Generator, do not modify.
    -->
    select 
    <include refid="Base_Column_List" />
    from charge_item
    where id = #{id,jdbcType=BIGINT}
  </select>
  <delete id="deleteByPrimaryKey" parameterType="java.lang.Long">
    <!--
      WARNING - @mbggenerated
      This element is automatically generated by MyBatis Generator, do not modify.
    -->
    delete from charge_item
    where id = #{id,jdbcType=BIGINT}
  </delete>
  <insert id="insert" parameterType="com.study.tuition.domain.ChargeItem">
    <!--
      WARNING - @mbggenerated
      This element is automatically generated by MyBatis Generator, do not modify.
    -->
    insert into charge_item (id, name, school_year, 
      student_category, major_id, enrollment_year, 
      money, create_time, modify_time
      )
    values (#{id,jdbcType=BIGINT}, #{name,jdbcType=VARCHAR}, #{schoolYear,jdbcType=INTEGER}, 
      #{studentCategory,jdbcType=VARCHAR}, #{majorId,jdbcType=BIGINT}, #{enrollmentYear,jdbcType=INTEGER}, 
      #{money,jdbcType=INTEGER}, #{createTime,jdbcType=TIMESTAMP}, #{modifyTime,jdbcType=TIMESTAMP}
      )
  </insert>
  <insert id="insertSelective" parameterType="com.study.tuition.domain.ChargeItem">
    <!--
      WARNING - @mbggenerated
      This element is automatically generated by MyBatis Generator, do not modify.
    -->
    insert into charge_item
    <trim prefix="(" suffix=")" suffixOverrides=",">
      <if test="id != null">
        id,
      </if>
      <if test="name != null">
        name,
      </if>
      <if test="schoolYear != null">
        school_year,
      </if>
      <if test="studentCategory != null">
        student_category,
      </if>
      <if test="majorId != null">
        major_id,
      </if>
      <if test="enrollmentYear != null">
        enrollment_year,
      </if>
      <if test="money != null">
        money,
      </if>
      <if test="createTime != null">
        create_time,
      </if>
      <if test="modifyTime != null">
        modify_time,
      </if>
    </trim>
    <trim prefix="values (" suffix=")" suffixOverrides=",">
      <if test="id != null">
        #{id,jdbcType=BIGINT},
      </if>
      <if test="name != null">
        #{name,jdbcType=VARCHAR},
      </if>
      <if test="schoolYear != null">
        #{schoolYear,jdbcType=INTEGER},
      </if>
      <if test="studentCategory != null">
        #{studentCategory,jdbcType=VARCHAR},
      </if>
      <if test="majorId != null">
        #{majorId,jdbcType=BIGINT},
      </if>
      <if test="enrollmentYear != null">
        #{enrollmentYear,jdbcType=INTEGER},
      </if>
      <if test="money != null">
        #{money,jdbcType=INTEGER},
      </if>
      <if test="createTime != null">
        #{createTime,jdbcType=TIMESTAMP},
      </if>
      <if test="modifyTime != null">
        #{modifyTime,jdbcType=TIMESTAMP},
      </if>
    </trim>
  </insert>
  <select id="countByExample" parameterType="com.study.tuition.domain.ChargeItemExample" resultType="java.lang.Integer">
    <!--
      WARNING - @mbggenerated
      This element is automatically generated by MyBatis Generator, do not modify.
    -->
    select count(*) from charge_item
    <if test="_parameter != null">
      <include refid="Example_Where_Clause" />
    </if>
  </select>
  <update id="updateByPrimaryKeySelective" parameterType="com.study.tuition.domain.ChargeItem">
    <!--
      WARNING - @mbggenerated
      This element is automatically generated by MyBatis Generator, do not modify.
    -->
    update charge_item
    <set>
      <if test="name != null">
        name = #{name,jdbcType=VARCHAR},
      </if>
      <if test="schoolYear != null">
        school_year = #{schoolYear,jdbcType=INTEGER},
      </if>
      <if test="studentCategory != null">
        student_category = #{studentCategory,jdbcType=VARCHAR},
      </if>
      <if test="majorId != null">
        major_id = #{majorId,jdbcType=BIGINT},
      </if>
      <if test="enrollmentYear != null">
        enrollment_year = #{enrollmentYear,jdbcType=INTEGER},
      </if>
      <if test="money != null">
        money = #{money,jdbcType=INTEGER},
      </if>
      <if test="createTime != null">
        create_time = #{createTime,jdbcType=TIMESTAMP},
      </if>
      <if test="modifyTime != null">
        modify_time = #{modifyTime,jdbcType=TIMESTAMP},
      </if>
    </set>
    where id = #{id,jdbcType=BIGINT}
  </update>
  <update id="updateByPrimaryKey" parameterType="com.study.tuition.domain.ChargeItem">
    <!--
      WARNING - @mbggenerated
      This element is automatically generated by MyBatis Generator, do not modify.
    -->
    update charge_item
    set name = #{name,jdbcType=VARCHAR},
      school_year = #{schoolYear,jdbcType=INTEGER},
      student_category = #{studentCategory,jdbcType=VARCHAR},
      major_id = #{majorId,jdbcType=BIGINT},
      enrollment_year = #{enrollmentYear,jdbcType=INTEGER},
      money = #{money,jdbcType=INTEGER},
      create_time = #{createTime,jdbcType=TIMESTAMP},
      modify_time = #{modifyTime,jdbcType=TIMESTAMP}
    where id = #{id,jdbcType=BIGINT}
  </update>
  <select id="selectByExampleWithRowbounds" parameterType="com.study.tuition.domain.ChargeItemExample" resultMap="BaseResultMap">
    <!--
      WARNING - @mbggenerated
      This element is automatically generated by MyBatis Generator, do not modify.
    -->
    select
    <if test="distinct">
      distinct
    </if>
    <include refid="Base_Column_List" />
    from charge_item
    <if test="_parameter != null">
      <include refid="Example_Where_Clause" />
    </if>
    <if test="orderByClause != null">
      order by ${orderByClause}
    </if>
  </select>
  <select id="selectByPage" parameterType="int" resultMap="BaseResultMap">
    select 
    <include refid="Base_Column_List" />
    from charge_item limit #{0},#{1}
  </select>
</mapper>