<?xml version="1.0" encoding="UTF-8"?>
<!DOCTYPE mapper PUBLIC "-//mybatis.org//DTD Mapper 3.0//EN" "http://mybatis.org/dtd/mybatis-3-mapper.dtd">
<mapper namespace="com.study.tuition.mapper.PaymentDetailMapper">
  <resultMap id="BaseResultMap" type="com.study.tuition.domain.PaymentDetail">
    <!--
      WARNING - @mbggenerated
      This element is automatically generated by MyBatis Generator, do not modify.
    -->
    <constructor>
      <idArg column="id" javaType="java.lang.Long" jdbcType="BIGINT" />
      <arg column="student_id" javaType="java.lang.Long" jdbcType="BIGINT" />
      <arg column="amount" javaType="java.lang.Integer" jdbcType="INTEGER" />
      <arg column="pay_time" javaType="java.util.Date" jdbcType="TIMESTAMP" />
      <arg column="balance" javaType="java.lang.Integer" jdbcType="INTEGER" />
      <arg column="pay_method" javaType="java.lang.String" jdbcType="VARCHAR" />
      <arg column="create_time" javaType="java.util.Date" jdbcType="TIMESTAMP" />
      <arg column="modify_time" javaType="java.util.Date" jdbcType="TIMESTAMP" />
    </constructor>
  </resultMap>
  <sql id="Example_Where_Clause">
    <!--
      WARNING - @mbggenerated
      This element is automatically generated by MyBatis Generator, do not modify.
    -->
    <where>
      <foreach collection="oredCriteria" item="criteria" separator="or">
        <if test="criteria.valid">
          <trim prefix="(" prefixOverrides="and" suffix=")">
            <foreach collection="criteria.criteria" item="criterion">
              <choose>
                <when test="criterion.noValue">
                  and ${criterion.condition}
                </when>
                <when test="criterion.singleValue">
                  and ${criterion.condition} #{criterion.value}
                </when>
                <when test="criterion.betweenValue">
                  and ${criterion.condition} #{criterion.value} and #{criterion.secondValue}
                </when>
                <when test="criterion.listValue">
                  and ${criterion.condition}
                  <foreach close=")" collection="criterion.value" item="listItem" open="(" separator=",">
                    #{listItem}
                  </foreach>
                </when>
              </choose>
            </foreach>
          </trim>
        </if>
      </foreach>
    </where>
  </sql>
  <sql id="Base_Column_List">
    <!--
      WARNING - @mbggenerated
      This element is automatically generated by MyBatis Generator, do not modify.
    -->
    id, student_id, amount, pay_time, balance, pay_method, create_time, modify_time
  </sql>
  <select id="selectByExample" parameterType="com.study.tuition.domain.PaymentDetailExample" resultMap="BaseResultMap">
    <!--
      WARNING - @mbggenerated
      This element is automatically generated by MyBatis Generator, do not modify.
    -->
    select
    <if test="distinct">
      distinct
    </if>
    <include refid="Base_Column_List" />
    from payment_detail
    <if test="_parameter != null">
      <include refid="Example_Where_Clause" />
    </if>
    <if test="orderByClause != null">
      order by ${orderByClause}
    </if>
  </select>
  <select id="selectByPrimaryKey" parameterType="java.lang.Long" resultMap="BaseResultMap">
    <!--
      WARNING - @mbggenerated
      This element is automatically generated by MyBatis Generator, do not modify.
    -->
    select 
    <include refid="Base_Column_List" />
    from payment_detail
    where id = #{id,jdbcType=BIGINT}
  </select>
  <delete id="deleteByPrimaryKey" parameterType="java.lang.Long">
    <!--
      WARNING - @mbggenerated
      This element is automatically generated by MyBatis Generator, do not modify.
    -->
    delete from payment_detail
    where id = #{id,jdbcType=BIGINT}
  </delete>
  <insert id="insert" parameterType="com.study.tuition.domain.PaymentDetail">
    <!--
      WARNING - @mbggenerated
      This element is automatically generated by MyBatis Generator, do not modify.
    -->
    insert into payment_detail (id, student_id, amount, 
      pay_time, balance, pay_method, 
      create_time, modify_time)
    values (#{id,jdbcType=BIGINT}, #{studentId,jdbcType=BIGINT}, #{amount,jdbcType=INTEGER}, 
      #{payTime,jdbcType=TIMESTAMP}, #{balance,jdbcType=INTEGER}, #{payMethod,jdbcType=VARCHAR}, 
      #{createTime,jdbcType=TIMESTAMP}, #{modifyTime,jdbcType=TIMESTAMP})
  </insert>
  <insert id="insertSelective" parameterType="com.study.tuition.domain.PaymentDetail">
    <!--
      WARNING - @mbggenerated
      This element is automatically generated by MyBatis Generator, do not modify.
    -->
    insert into payment_detail
    <trim prefix="(" suffix=")" suffixOverrides=",">
      <if test="id != null">
        id,
      </if>
      <if test="studentId != null">
        student_id,
      </if>
      <if test="amount != null">
        amount,
      </if>
      <if test="payTime != null">
        pay_time,
      </if>
      <if test="balance != null">
        balance,
      </if>
      <if test="payMethod != null">
        pay_method,
      </if>
      <if test="createTime != null">
        create_time,
      </if>
      <if test="modifyTime != null">
        modify_time,
      </if>
    </trim>
    <trim prefix="values (" suffix=")" suffixOverrides=",">
      <if test="id != null">
        #{id,jdbcType=BIGINT},
      </if>
      <if test="studentId != null">
        #{studentId,jdbcType=BIGINT},
      </if>
      <if test="amount != null">
        #{amount,jdbcType=INTEGER},
      </if>
      <if test="payTime != null">
        #{payTime,jdbcType=TIMESTAMP},
      </if>
      <if test="balance != null">
        #{balance,jdbcType=INTEGER},
      </if>
      <if test="payMethod != null">
        #{payMethod,jdbcType=VARCHAR},
      </if>
      <if test="createTime != null">
        #{createTime,jdbcType=TIMESTAMP},
      </if>
      <if test="modifyTime != null">
        #{modifyTime,jdbcType=TIMESTAMP},
      </if>
    </trim>
  </insert>
  <select id="countByExample" parameterType="com.study.tuition.domain.PaymentDetailExample" resultType="java.lang.Integer">
    <!--
      WARNING - @mbggenerated
      This element is automatically generated by MyBatis Generator, do not modify.
    -->
    select count(*) from payment_detail
    <if test="_parameter != null">
      <include refid="Example_Where_Clause" />
    </if>
  </select>
  <update id="updateByPrimaryKeySelective" parameterType="com.study.tuition.domain.PaymentDetail">
    <!--
      WARNING - @mbggenerated
      This element is automatically generated by MyBatis Generator, do not modify.
    -->
    update payment_detail
    <set>
      <if test="studentId != null">
        student_id = #{studentId,jdbcType=BIGINT},
      </if>
      <if test="amount != null">
        amount = #{amount,jdbcType=INTEGER},
      </if>
      <if test="payTime != null">
        pay_time = #{payTime,jdbcType=TIMESTAMP},
      </if>
      <if test="balance != null">
        balance = #{balance,jdbcType=INTEGER},
      </if>
      <if test="payMethod != null">
        pay_method = #{payMethod,jdbcType=VARCHAR},
      </if>
      <if test="createTime != null">
        create_time = #{createTime,jdbcType=TIMESTAMP},
      </if>
      <if test="modifyTime != null">
        modify_time = #{modifyTime,jdbcType=TIMESTAMP},
      </if>
    </set>
    where id = #{id,jdbcType=BIGINT}
  </update>
  <update id="updateByPrimaryKey" parameterType="com.study.tuition.domain.PaymentDetail">
    <!--
      WARNING - @mbggenerated
      This element is automatically generated by MyBatis Generator, do not modify.
    -->
    update payment_detail
    set student_id = #{studentId,jdbcType=BIGINT},
      amount = #{amount,jdbcType=INTEGER},
      pay_time = #{payTime,jdbcType=TIMESTAMP},
      balance = #{balance,jdbcType=INTEGER},
      pay_method = #{payMethod,jdbcType=VARCHAR},
      create_time = #{createTime,jdbcType=TIMESTAMP},
      modify_time = #{modifyTime,jdbcType=TIMESTAMP}
    where id = #{id,jdbcType=BIGINT}
  </update>
  <select id="selectByExampleWithRowbounds" parameterType="com.study.tuition.domain.PaymentDetailExample" resultMap="BaseResultMap">
    <!--
      WARNING - @mbggenerated
      This element is automatically generated by MyBatis Generator, do not modify.
    -->
    select
    <if test="distinct">
      distinct
    </if>
    <include refid="Base_Column_List" />
    from payment_detail
    <if test="_parameter != null">
      <include refid="Example_Where_Clause" />
    </if>
    <if test="orderByClause != null">
      order by ${orderByClause}
    </if>
  </select>
</mapper>