<?xml version="1.0" encoding="UTF-8"?>
<!DOCTYPE mapper PUBLIC "-//mybatis.org//DTD Mapper 3.0//EN" "http://mybatis.org/dtd/mybatis-3-mapper.dtd">
<mapper namespace="com.study.tuition.mapper.PaymentInfoMapper">
  <resultMap id="BaseResultMap" type="com.study.tuition.domain.PaymentInfo">
    <!--
      WARNING - @mbggenerated
      This element is automatically generated by MyBatis Generator, do not modify.
    -->
    <constructor>
      <idArg column="id" javaType="java.lang.Long" jdbcType="BIGINT" />
      <arg column="student_id" javaType="java.lang.Long" jdbcType="BIGINT" />
      <arg column="tuition" javaType="java.lang.Integer" jdbcType="INTEGER" />
      <arg column="arrear" javaType="java.lang.Integer" jdbcType="INTEGER" />
      <arg column="school_year" javaType="java.lang.Integer" jdbcType="INTEGER" />
      <arg column="hire_purchase_count" javaType="java.lang.Integer" jdbcType="INTEGER" />
      <arg column="pay_status" javaType="java.lang.Boolean" jdbcType="BIT" />
      <arg column="create_time" javaType="java.util.Date" jdbcType="TIMESTAMP" />
      <arg column="modify_time" javaType="java.util.Date" jdbcType="TIMESTAMP" />
    </constructor>
  </resultMap>
  <sql id="Example_Where_Clause">
    <!--
      WARNING - @mbggenerated
      This element is automatically generated by MyBatis Generator, do not modify.
    -->
    <where>
      <foreach collection="oredCriteria" item="criteria" separator="or">
        <if test="criteria.valid">
          <trim prefix="(" prefixOverrides="and" suffix=")">
            <foreach collection="criteria.criteria" item="criterion">
              <choose>
                <when test="criterion.noValue">
                  and ${criterion.condition}
                </when>
                <when test="criterion.singleValue">
                  and ${criterion.condition} #{criterion.value}
                </when>
                <when test="criterion.betweenValue">
                  and ${criterion.condition} #{criterion.value} and #{criterion.secondValue}
                </when>
                <when test="criterion.listValue">
                  and ${criterion.condition}
                  <foreach close=")" collection="criterion.value" item="listItem" open="(" separator=",">
                    #{listItem}
                  </foreach>
                </when>
              </choose>
            </foreach>
          </trim>
        </if>
      </foreach>
    </where>
  </sql>
  <sql id="Base_Column_List">
    <!--
      WARNING - @mbggenerated
      This element is automatically generated by MyBatis Generator, do not modify.
    -->
    id, student_id, tuition, arrear, school_year, hire_purchase_count, pay_status, create_time, 
    modify_time
  </sql>
  <select id="selectByExample" parameterType="com.study.tuition.domain.PaymentInfoExample" resultMap="BaseResultMap">
    <!--
      WARNING - @mbggenerated
      This element is automatically generated by MyBatis Generator, do not modify.
    -->
    select
    <if test="distinct">
      distinct
    </if>
    <include refid="Base_Column_List" />
    from payment_info
    <if test="_parameter != null">
      <include refid="Example_Where_Clause" />
    </if>
    <if test="orderByClause != null">
      order by ${orderByClause}
    </if>
  </select>
  <select id="selectByPrimaryKey" parameterType="java.lang.Long" resultMap="BaseResultMap">
    <!--
      WARNING - @mbggenerated
      This element is automatically generated by MyBatis Generator, do not modify.
    -->
    select 
    <include refid="Base_Column_List" />
    from payment_info
    where id = #{id,jdbcType=BIGINT}
  </select>
  <delete id="deleteByPrimaryKey" parameterType="java.lang.Long">
    <!--
      WARNING - @mbggenerated
      This element is automatically generated by MyBatis Generator, do not modify.
    -->
    delete from payment_info
    where id = #{id,jdbcType=BIGINT}
  </delete>
  <insert id="insert" parameterType="com.study.tuition.domain.PaymentInfo">
    <!--
      WARNING - @mbggenerated
      This element is automatically generated by MyBatis Generator, do not modify.
    -->
    insert into payment_info (id, student_id, tuition, 
      arrear, school_year, hire_purchase_count, 
      pay_status, create_time, modify_time
      )
    values (#{id,jdbcType=BIGINT}, #{studentId,jdbcType=BIGINT}, #{tuition,jdbcType=INTEGER}, 
      #{arrear,jdbcType=INTEGER}, #{schoolYear,jdbcType=INTEGER}, #{hirePurchaseCount,jdbcType=INTEGER}, 
      #{payStatus,jdbcType=BIT}, #{createTime,jdbcType=TIMESTAMP}, #{modifyTime,jdbcType=TIMESTAMP}
      )
  </insert>
  <insert id="insertSelective" parameterType="com.study.tuition.domain.PaymentInfo">
    <!--
      WARNING - @mbggenerated
      This element is automatically generated by MyBatis Generator, do not modify.
    -->
    insert into payment_info
    <trim prefix="(" suffix=")" suffixOverrides=",">
      <if test="id != null">
        id,
      </if>
      <if test="studentId != null">
        student_id,
      </if>
      <if test="tuition != null">
        tuition,
      </if>
      <if test="arrear != null">
        arrear,
      </if>
      <if test="schoolYear != null">
        school_year,
      </if>
      <if test="hirePurchaseCount != null">
        hire_purchase_count,
      </if>
      <if test="payStatus != null">
        pay_status,
      </if>
      <if test="createTime != null">
        create_time,
      </if>
      <if test="modifyTime != null">
        modify_time,
      </if>
    </trim>
    <trim prefix="values (" suffix=")" suffixOverrides=",">
      <if test="id != null">
        #{id,jdbcType=BIGINT},
      </if>
      <if test="studentId != null">
        #{studentId,jdbcType=BIGINT},
      </if>
      <if test="tuition != null">
        #{tuition,jdbcType=INTEGER},
      </if>
      <if test="arrear != null">
        #{arrear,jdbcType=INTEGER},
      </if>
      <if test="schoolYear != null">
        #{schoolYear,jdbcType=INTEGER},
      </if>
      <if test="hirePurchaseCount != null">
        #{hirePurchaseCount,jdbcType=INTEGER},
      </if>
      <if test="payStatus != null">
        #{payStatus,jdbcType=BIT},
      </if>
      <if test="createTime != null">
        #{createTime,jdbcType=TIMESTAMP},
      </if>
      <if test="modifyTime != null">
        #{modifyTime,jdbcType=TIMESTAMP},
      </if>
    </trim>
  </insert>
  <select id="countByExample" parameterType="com.study.tuition.domain.PaymentInfoExample" resultType="java.lang.Integer">
    <!--
      WARNING - @mbggenerated
      This element is automatically generated by MyBatis Generator, do not modify.
    -->
    select count(*) from payment_info
    <if test="_parameter != null">
      <include refid="Example_Where_Clause" />
    </if>
  </select>
  <update id="updateByPrimaryKeySelective" parameterType="com.study.tuition.domain.PaymentInfo">
    <!--
      WARNING - @mbggenerated
      This element is automatically generated by MyBatis Generator, do not modify.
    -->
    update payment_info
    <set>
      <if test="studentId != null">
        student_id = #{studentId,jdbcType=BIGINT},
      </if>
      <if test="tuition != null">
        tuition = #{tuition,jdbcType=INTEGER},
      </if>
      <if test="arrear != null">
        arrear = #{arrear,jdbcType=INTEGER},
      </if>
      <if test="schoolYear != null">
        school_year = #{schoolYear,jdbcType=INTEGER},
      </if>
      <if test="hirePurchaseCount != null">
        hire_purchase_count = #{hirePurchaseCount,jdbcType=INTEGER},
      </if>
      <if test="payStatus != null">
        pay_status = #{payStatus,jdbcType=BIT},
      </if>
      <if test="createTime != null">
        create_time = #{createTime,jdbcType=TIMESTAMP},
      </if>
      <if test="modifyTime != null">
        modify_time = #{modifyTime,jdbcType=TIMESTAMP},
      </if>
    </set>
    where id = #{id,jdbcType=BIGINT}
  </update>
  <update id="updateByPrimaryKey" parameterType="com.study.tuition.domain.PaymentInfo">
    <!--
      WARNING - @mbggenerated
      This element is automatically generated by MyBatis Generator, do not modify.
    -->
    update payment_info
    set student_id = #{studentId,jdbcType=BIGINT},
      tuition = #{tuition,jdbcType=INTEGER},
      arrear = #{arrear,jdbcType=INTEGER},
      school_year = #{schoolYear,jdbcType=INTEGER},
      hire_purchase_count = #{hirePurchaseCount,jdbcType=INTEGER},
      pay_status = #{payStatus,jdbcType=BIT},
      create_time = #{createTime,jdbcType=TIMESTAMP},
      modify_time = #{modifyTime,jdbcType=TIMESTAMP}
    where id = #{id,jdbcType=BIGINT}
  </update>
  <select id="selectByExampleWithRowbounds" parameterType="com.study.tuition.domain.PaymentInfoExample" resultMap="BaseResultMap">
    <!--
      WARNING - @mbggenerated
      This element is automatically generated by MyBatis Generator, do not modify.
    -->
    select
    <if test="distinct">
      distinct
    </if>
    <include refid="Base_Column_List" />
    from payment_info
    <if test="_parameter != null">
      <include refid="Example_Where_Clause" />
    </if>
    <if test="orderByClause != null">
      order by ${orderByClause}
    </if>
  </select>
  <select id="selectByPage" parameterType="int" resultMap="BaseResultMap">
    select 
    <include refid="Base_Column_List" />
    from payment_info limit #{0},#{1}
  </select>
  <select id="selectArrearByPage" parameterType="int" resultMap="BaseResultMap">
    select 
    <include refid="Base_Column_List" />
    from payment_info where pay_status = false limit #{0},#{1} 
  </select>
  <insert id="insertBatch" parameterType="list">
        insert into payment_info (student_id,tuition,arrear,school_year,hire_purchase_count,pay_status)
        values
    <foreach collection ="list" item="payment" separator =",">
         (#{payment.studentId}, #{payment.tuition},#{payment.arrear}, #{payment.schoolYear}, #{payment.hirePurchaseCount},
          #{payment.payStatus})
    </foreach >
  </insert>
</mapper>